TrialTag,ABTag,CDTag,ABMainRel,CDMainRel,ABSubRel,CDSubRel,ProbeCorr,ProbeArr,AB,CD,Probe,Match
accident:damage::make:manufacture,accident:damage,make:manufacture,3,1,7,1,l,1,0,0,1,FALSE
bathe:clean::run:sprint,bathe:clean,run:sprint,3,1,9,1,a,2,0,0,1,FALSE
bright:dark::cute:adorable,bright:dark,cute:adorable,2,1,4,1,a,2,0,0,1,FALSE
climb:descend::pretty:beautiful,climb:descend,pretty:beautiful,2,1,5,1,a,2,0,0,1,FALSE
coldness:shiver::couch:sofa,coldness:shiver,couch:sofa,3,1,8,1,l,1,0,0,1,FALSE
drink:hydrate::house:home,drink:hydrate,house:home,3,1,9,1,a,2,0,0,1,FALSE
east:west::car:auto,east:west,car:auto,2,1,5,1,l,1,0,0,1,FALSE
fat:thin::kid:child,fat:thin,kid:child,2,1,4,1,a,2,0,0,1,FALSE
heat:sweat::boat:ship,heat:sweat,boat:ship,3,1,8,1,l,1,0,0,1,FALSE
high:down::option:choice,high:down,option:choice,2,1,6,1,a,2,0,0,1,FALSE
pretty:ugly::spin:twirl,pretty:ugly,spin:twirl,2,1,4,1,a,2,0,0,1,FALSE
sickness:medicate::raise:elevate,sickness:medicate,raise:elevate,3,1,8,1,a,2,0,0,1,FALSE
tiredness:rest::big:large,tiredness:rest,big:large,3,1,8,1,l,1,0,0,1,FALSE
top:bottom::pants:trousers,top:bottom,pants:trousers,2,1,5,1,a,2,0,0,1,FALSE
top:bottom::teach:instruct,top:bottom,teach:instruct,2,1,5,1,a,2,0,0,1,FALSE
wash:clean::careful:cautious,wash:clean,careful:cautious,3,1,9,1,a,2,0,0,1,FALSE
accept:reject::chair:sofa,accept:reject,chair:sofa,2,1,4,2,l,1,0,0,1,FALSE
advertise:promote::paper:parchment,advertise:promote,paper:parchment,3,1,9,2,a,2,0,0,1,FALSE
bath:cleanliness::pencil:pen,bath:cleanliness,pencil:pen,3,1,7,2,a,2,0,0,1,FALSE
bright:dull::ladder:stairs,bright:dull,ladder:stairs,2,1,6,2,a,2,0,0,1,FALSE
coldness:shiver::sword:knife,coldness:shiver,sword:knife,3,1,8,2,a,2,0,0,1,FALSE
dark:light::hill:mountain,dark:light,hill:mountain,2,1,4,2,l,1,0,0,1,FALSE
exercise:fitness::pillow:cushion,exercise:fitness,pillow:cushion,3,1,7,2,a,2,0,0,1,FALSE
explosion:damage::book:magazine,explosion:damage,book:magazine,3,1,7,2,l,1,0,0,1,FALSE
front:back::wagon:trailer,front:back,wagon:trailer,2,1,5,2,l,1,0,0,1,FALSE
loud:discreet::picture:drawing,loud:discreet,picture:drawing,2,1,6,2,a,2,0,0,1,FALSE
majority:small::house:tent,majority:small,house:tent,2,1,6,2,l,1,0,0,1,FALSE
powerful:meek::rake:fork,powerful:meek,rake:fork,2,1,6,2,l,1,0,0,1,FALSE
rise:sink::shovel:spoon,rise:sink,shovel:spoon,2,1,5,2,a,2,0,0,1,FALSE
sadness:cry::table:desk,sadness:cry,table:desk,3,1,8,2,a,2,0,0,1,FALSE
thirsty:drink::fence:hedge,thirsty:drink,fence:hedge,3,1,8,2,a,2,0,0,1,FALSE
work:earn::stairs:ladder,work:earn,stairs:ladder,3,1,9,2,a,2,0,0,1,FALSE
accept:reject::lower:volume,accept:reject,lower:volume,2,1,4,3,l,1,0,0,1,FALSE
below:above::raise:salary,below:above,raise:salary,2,1,5,3,a,2,0,0,1,FALSE
black:white::terror:fear,black:white,terror:fear,2,1,4,3,a,2,0,0,1,FALSE
danger:flee::force:pressure,danger:flee,force:pressure,3,1,8,3,a,2,0,0,1,FALSE
difficult:easy::inflation:price,difficult:easy,inflation:price,2,1,4,3,a,2,0,0,1,FALSE
dirty:clean::darken:color,dirty:clean,darken:color,2,1,4,3,a,2,0,0,1,FALSE
disease:sickness::flood:water,disease:sickness,flood:water,3,1,7,3,l,1,0,0,1,FALSE
fire:burns::dim:light,fire:burns,dim:light,3,1,7,3,a,2,0,0,1,FALSE
flee:escape::soften:voice,flee:escape,soften:voice,3,1,9,3,a,2,0,0,1,FALSE
germs:sickness::acceleration:speed,germs:sickness,acceleration:speed,3,1,7,3,a,2,0,0,1,FALSE
good:bad::shorten:distance,good:bad,shorten:distance,2,1,4,3,l,1,0,0,1,FALSE
high:down::discount:price,high:down,discount:price,2,1,6,3,l,1,0,0,1,FALSE
ignite:burn::speed:movement,ignite:burn,speed:movement,3,1,9,3,a,2,0,0,1,FALSE
injury:pain::death:population,injury:pain,death:population,3,1,7,3,a,2,0,0,1,FALSE
joke:laughter::rise:tide,joke:laughter,rise:tide,3,1,7,3,a,2,0,0,1,FALSE
just:unfair::heat:temperature,just:unfair,heat:temperature,2,1,6,3,l,1,0,0,1,FALSE
breathe:live::good:bad,breathe:live,good:bad,3,2,9,4,a,2,0,0,1,FALSE
happiness:smile::accept:reject,happiness:smile,accept:reject,3,2,8,4,a,2,0,0,1,FALSE
house:tent::tall:short,house:tent,tall:short,1,2,2,4,a,2,0,0,1,FALSE
make:manufacture::difficult:easy,make:manufacture,difficult:easy,1,2,1,4,l,1,0,0,1,FALSE
pillow:cushion::pretty:ugly,pillow:cushion,pretty:ugly,1,2,2,4,l,1,0,0,1,FALSE
rise:tide::dirty:clean,rise:tide,dirty:clean,1,2,3,4,l,1,0,0,1,FALSE
sadness:cry::hot:cold,sadness:cry,hot:cold,3,2,8,4,l,1,0,0,1,FALSE
shorten:distance::fast:slow,shorten:distance,fast:slow,1,2,3,4,a,2,0,0,1,FALSE
shovel:spoon::black:white,shovel:spoon,black:white,1,2,2,4,l,1,0,0,1,FALSE
sleep:rest::bright:dark,sleep:rest,bright:dark,3,2,9,4,l,1,0,0,1,FALSE
speed:movement::fat:thin,speed:movement,fat:thin,1,2,3,4,l,1,0,0,1,FALSE
stairs:ladder::big:small,stairs:ladder,big:small,1,2,2,4,a,2,0,0,1,FALSE
study:learn::old:young,study:learn,old:young,3,2,9,4,l,1,0,0,1,FALSE
study:learn::warm:cool,study:learn,warm:cool,3,2,9,4,l,1,0,0,1,FALSE
tiredness:rest::dark:light,tiredness:rest,dark:light,3,2,8,4,a,2,0,0,1,FALSE
tragedy:tears::rich:poor,tragedy:tears,rich:poor,3,2,7,4,a,2,0,0,1,FALSE
anger:yell::interior:exterior,anger:yell,interior:exterior,3,2,8,5,l,1,0,0,1,FALSE
bath:cleanliness::ahead:behind,bath:cleanliness,ahead:behind,3,2,7,5,l,1,0,0,1,FALSE
breathe:live::forward:backward,breathe:live,forward:backward,3,2,9,5,a,2,0,0,1,FALSE
car:auto::rise:sink,car:auto,rise:sink,1,2,1,5,l,1,0,0,1,FALSE
car:auto::top:bottom,car:auto,top:bottom,1,2,1,5,a,2,0,0,1,FALSE
chair:sofa::east:west,chair:sofa,east:west,1,2,2,5,a,2,0,0,1,FALSE
danger:flee::in:out,danger:flee,in:out,3,2,8,5,a,2,0,0,1,FALSE
death:population::start:finish,death:population,start:finish,1,2,3,5,l,1,0,0,1,FALSE
dirtiness:bathe::front:back,dirtiness:bathe,front:back,3,2,8,5,l,1,0,0,1,FALSE
heater:warmth::climb:descend,heater:warmth,climb:descend,3,2,7,5,a,2,0,0,1,FALSE
pencil:pen::north:south,pencil:pen,north:south,1,2,2,5,l,1,0,0,1,FALSE
repetition:boredom::below:above,repetition:boredom,below:above,3,2,7,5,a,2,0,0,1,FALSE
rise:tide::left:right,rise:tide,left:right,1,2,3,5,a,2,0,0,1,FALSE
run:sprint::under:over,run:sprint,under:over,1,2,1,5,a,2,0,0,1,FALSE
teach:instruct::up:down,teach:instruct,up:down,1,2,1,5,a,2,0,0,1,FALSE
trim:shorten::high:low,trim:shorten,high:low,3,2,9,5,a,2,0,0,1,FALSE
acceleration:speed::enthusiastic:lazy,acceleration:speed,enthusiastic:lazy,1,2,3,6,l,1,0,0,1,FALSE
anger:yell::smiling:sad,anger:yell,smiling:sad,3,2,8,6,a,2,0,0,1,FALSE
big:large::low:up,big:large,low:up,1,2,1,6,a,2,0,0,1,FALSE
cook:eat::day:evening,cook:eat,day:evening,3,2,9,6,l,1,0,0,1,FALSE
explosion:damage::fun:boring,explosion:damage,fun:boring,3,2,7,6,l,1,0,0,1,FALSE
heat:temperature::loud:discreet,heat:temperature,loud:discreet,1,2,3,6,l,1,0,0,1,FALSE
ignite:burn::majority:small,ignite:burn,majority:small,3,2,9,6,l,1,0,0,1,FALSE
inflation:price::witty:dumb,inflation:price,witty:dumb,1,2,3,6,l,1,0,0,1,FALSE
joke:laughter::right:bad,joke:laughter,right:bad,3,2,7,6,a,2,0,0,1,FALSE
make:manufacture::obey:protest,make:manufacture,obey:protest,1,2,1,6,l,1,0,0,1,FALSE
option:choice::high:down,option:choice,high:down,1,2,1,6,a,2,0,0,1,FALSE
read:learn::just:unfair,read:learn,just:unfair,3,2,9,6,l,1,0,0,1,FALSE
repetition:boredom::good:wrong,repetition:boredom,good:wrong,3,2,7,6,a,2,0,0,1,FALSE
spin:twirl::bright:dull,spin:twirl,bright:dull,1,2,1,6,l,1,0,0,1,FALSE
table:desk::powerful:meek,table:desk,powerful:meek,1,2,2,6,l,1,0,0,1,FALSE
thirst:drink::funny:serious,thirst:drink,funny:serious,3,2,8,6,l,1,0,0,1,FALSE
ahead:behind::bath:cleanliness,ahead:behind,bath:cleanliness,2,3,5,7,l,1,0,0,1,FALSE
careful:cautious::explosion:damage,careful:cautious,explosion:damage,1,3,1,7,a,2,0,0,1,FALSE
careful:cautious::heater:warmth,careful:cautious,heater:warmth,1,3,1,7,l,1,0,0,1,FALSE
couch:sofa::exercise:fitness,couch:sofa,exercise:fitness,1,3,1,7,a,2,0,0,1,FALSE
dim:light::joke:laughter,dim:light,joke:laughter,1,3,3,7,a,2,0,0,1,FALSE
just:unfair::injury:pain,just:unfair,injury:pain,2,3,6,7,l,1,0,0,1,FALSE
left:right::tragedy:tears,left:right,tragedy:tears,2,3,5,7,l,1,0,0,1,FALSE
pants:trousers::disease:sickness,pants:trousers,disease:sickness,1,3,1,7,l,1,0,0,1,FALSE
rich:poor::stimulus:response,rich:poor,stimulus:response,2,3,4,7,a,2,0,0,1,FALSE
smiling:sad::illness:discomfort,smiling:sad,illness:discomfort,2,3,6,7,a,2,0,0,1,FALSE
sword:knife::accident:damage,sword:knife,accident:damage,1,3,2,7,a,2,0,0,1,FALSE
sword:knife::workout:sweat,sword:knife,workout:sweat,1,3,2,7,a,2,0,0,1,FALSE
tall:short::repetition:boredom,tall:short,repetition:boredom,2,3,4,7,a,2,0,0,1,FALSE
teach:instruct::germs:sickness,teach:instruct,germs:sickness,1,3,1,7,l,1,0,0,1,FALSE
up:down::fire:burns,up:down,fire:burns,2,3,5,7,l,1,0,0,1,FALSE
witty:dumb::loss:grief,witty:dumb,loss:grief,2,3,6,7,a,2,0,0,1,FALSE
below:above::dirtiness:bathe,below:above,dirtiness:bathe,2,3,5,8,l,1,0,0,1,FALSE
day:evening::happiness:smile,day:evening,happiness:smile,2,3,6,8,l,1,0,0,1,FALSE
dim:light::coldness:shiver,dim:light,coldness:shiver,1,3,3,8,a,2,0,0,1,FALSE
dirty:clean::thirsty:drink,dirty:clean,thirsty:drink,2,3,4,8,l,1,0,0,1,FALSE
fast:slow::heat:sweat,fast:slow,heat:sweat,2,3,4,8,l,1,0,0,1,FALSE
fat:thin::dirty:bathe,fat:thin,dirty:bathe,2,3,4,8,l,1,0,0,1,FALSE
flood:water::sadness:cry,flood:water,sadness:cry,1,3,3,8,l,1,0,0,1,FALSE
funny:serious::fright:scream,funny:serious,fright:scream,2,3,6,8,l,1,0,0,1,FALSE
good:wrong::nervousness:sweat,good:wrong,nervousness:sweat,2,3,6,8,a,2,0,0,1,FALSE
hill:mountain::anger:yell,hill:mountain,anger:yell,1,3,2,8,l,1,0,0,1,FALSE
hill:mountain::danger:flee,hill:mountain,danger:flee,1,3,2,8,l,1,0,0,1,FALSE
in:out::loneliness:socialize,in:out,loneliness:socialize,2,3,5,8,l,1,0,0,1,FALSE
inflation:price::hunger:eat,inflation:price,hunger:eat,1,3,3,8,a,2,0,0,1,FALSE
shovel:spoon::tiredness:rest,shovel:spoon,tiredness:rest,1,3,2,8,a,2,0,0,1,FALSE
soften:voice::thirst:drink,soften:voice,thirst:drink,1,3,3,8,a,2,0,0,1,FALSE
stairs:ladder::sickness:medicate,stairs:ladder,sickness:medicate,1,3,2,8,a,2,0,0,1,FALSE
ahead:behind::breathe:live,ahead:behind,breathe:live,2,3,5,9,l,1,0,0,1,FALSE
book:magazine::exercise:healthy,book:magazine,exercise:healthy,1,3,2,9,a,2,0,0,1,FALSE
climb:descend::work:earn,climb:descend,work:earn,2,3,5,9,l,1,0,0,1,FALSE
cute:adorable::burnish:shine,cute:adorable,burnish:shine,1,3,1,9,l,1,0,0,1,FALSE
day:evening::speak:express,day:evening,speak:express,2,3,6,9,l,1,0,0,1,FALSE
discount:price::cook:eat,discount:price,cook:eat,1,3,3,9,l,1,0,0,1,FALSE
funny:serious::wash:clean,funny:serious,wash:clean,2,3,6,9,a,2,0,0,1,FALSE
heat:temperature::ignite:burn,heat:temperature,ignite:burn,1,3,3,9,l,1,0,0,1,FALSE
ladder:stairs::bathe:clean,ladder:stairs,bathe:clean,1,3,2,9,a,2,0,0,1,FALSE
lower:volume::flee:escape,lower:volume,flee:escape,1,3,3,9,a,2,0,0,1,FALSE
rake:fork::trim:shorten,rake:fork,trim:shorten,1,3,2,9,a,2,0,0,1,FALSE
right:bad::advertise:promote,right:bad,advertise:promote,2,3,6,9,l,1,0,0,1,FALSE
run:sprint::study:learn,run:sprint,study:learn,1,3,1,9,a,2,0,0,1,FALSE
under:over::drink:hydrate,under:over,drink:hydrate,2,3,5,9,l,1,0,0,1,FALSE
under:over::sleep:rest,under:over,sleep:rest,2,3,5,9,l,1,0,0,1,FALSE
warm:cool::read:learn,warm:cool,read:learn,2,3,4,9,a,2,0,0,1,FALSE
